Rock,Casablanca,Citizen Kane,Metropolis,2001: A Space Odyssey,Young Frankenstein,The Graduate,The Godfather,Raging Bull,The Wizard of Oz,Singing In the Rain
Hudson,The Godfather,Citizen Kane,Casablanca,2001: A Space Odyssey,Metropolis,Raging Bull,Young Frankenstein,The Graduate,The Wizard of Oz,Singing In the Rain
Judy,Singing In the Rain,The Wizard of Oz,Young Frankenstein,Citizen Kane,Metropolis,2001: A Space Odyssey,The Godfather,Casablanca,The Graduate,Raging Bull
Garland,Casablanca,Young Frankenstein,Singing In the Rain,The Graduate,Raging Bull,The Godfather,The Wizard of Oz,Citizen Kane,Metropolis,2001: A Space Odyssey
Marlon,Citizen Kane,Casablanca,The Godfather,2001: A Space Odyssey,Metropolis,Raging Bull,Young Frankenstein,The Graduate,Singing In the Rain,The Wizard of Oz
Brando,Raging Bull,Citizen Kane,Casablanca,Young Frankenstein,2001: A Space Odyssey,The Graduate,The Godfather,Metropolis,The Wizard of Oz,Singing In the Rain
Mel,Young Frankenstein,The Graduate,The Godfather,Raging Bull,Singing In the Rain,The Wizard of Oz,2001: A Space Odyssey,Citizen Kane,Casablanca,Metropolis
Brook,Young Frankenstein,The Graduate,The Godfather,Raging Bull,Singing In the Rain,Casablanca,Citizen Kane,2001: A Space Odyssey,The Wizard of Oz,Metropolis
Mae,The Graduate,The Godfather,Singing In the Rain,Young Frankenstein,Metropolis,Raging Bull,Citizen Kane,2001: A Space Odyssey,Casablanca,The Wizard of Oz
West,The Graduate,Singing In the Rain,Young Frankenstein,The Godfather,Raging Bull,Citizen Kane,Metropolis,The Wizard of Oz,2001: A Space Odyssey,Casablanca
Gene,Citizen Kane,Casablanca,Singing In the Rain,The Wizard of Oz,The Godfather,2001: A Space Odyssey,Young Frankenstein,The Graduate,Metropolis,Raging Bull
Kelly,Singing In the Rain,Citizen Kane,Casablanca,The Wizard of Oz,The Godfather,2001: A Space Odyssey,Metropolis,Raging Bull,Young Frankenstein,The Graduate
Sidney,Citizen Kane,2001: A Space Odyssey,Casablanca,The Godfather,Metropolis,Raging Bull,Young Frankenstein,The Graduate,The Wizard of Oz,Singing In the Rain
Poitier,Casablanca,Citizen Kane,Metropolis,2001: A Space Odyssey,The Godfather,The Graduate,Young Frankenstein,Raging Bull,Singing In the Rain,The Wizard of Oz
Bob,Young Frankenstein,The Graduate,The Godfather,Raging Bull,Singing In the Rain,The Wizard of Oz,2001: A Space Odyssey,Citizen Kane,Casablanca,Metropolis
Hope,The Graduate,Young Frankenstein,Raging Bull,Singing In the Rain,The Godfather,The Wizard of Oz,Casablanca,2001: A Space Odyssey,Metropolis,Citizen Kane
Rita,Casablanca,Metropolis,Citizen Kane,The Graduate,The Godfather,Singing In the Rain,Young Frankenstein,Raging Bull,The Wizard of Oz,2001: A Space Odyssey
Hayworth,Casablanca,Citizen Kane,Young Frankenstein,Singing In the Rain,Raging Bull,2001: A Space Odyssey,The Godfather,The Graduate,Metropolis,The Wizard of Oz
Bette,Casablanca,Metropolis,Citizen Kane,Singing In the Rain,Young Frankenstein,The Graduate,The Godfather,Raging Bull,The Wizard of Oz,2001: A Space Odyssey
Davis,Casablanca,Citizen Kane,Young Frankenstein,2001: A Space Odyssey,The Godfather,The Graduate,Singing In the Rain,Metropolis,Raging Bull,The Wizard of Oz
Katharine,Citizen Kane,Metropolis,Casablanca,Young Frankenstein,The Graduate,Singing In the Rain,The Godfather,Raging Bull,The Wizard of Oz,2001: A Space Odyssey
Hepburn,Young Frankenstein,Citizen Kane,Casablanca,The Godfather,The Graduate,2001: A Space Odyssey,Singing In the Rain,Metropolis,Raging Bull,The Wizard of Oz
Elizabeth,Casablanca,Citizen Kane,The Wizard of Oz,Singing In the Rain,Metropolis,2001: A Space Odyssey,Young Frankenstein,The Graduate,The Godfather,Raging Bull
Taylor,The Godfather,Citizen Kane,Singing In the Rain,The Wizard of Oz,Casablanca,2001: A Space Odyssey,Metropolis,Raging Bull,Young Frankenstein,The Graduate
Shirley,The Wizard of Oz,Young Frankenstein,Singing In the Rain,Metropolis,2001: A Space Odyssey,The Godfather,Casablanca,The Graduate,Citizen Kane,Raging Bull
Temple,Young Frankenstein,Singing In the Rain,The Wizard of Oz,Raging Bull,The Godfather,Casablanca,Citizen Kane,2001: A Space Odyssey,The Graduate,Metropolis
Greta,Casablanca,Young Frankenstein,Singing In the Rain,The Godfather,The Graduate,Raging Bull,Citizen Kane,2001: A Space Odyssey,The Wizard of Oz,Metropolis
Garbo,Casablanca,Singing In the Rain,Metropolis,The Graduate,Raging Bull,The Godfather,Young Frankenstein,The Wizard of Oz,2001: A Space Odyssey,Citizen Kane
Carmen,Singing In the Rain,The Wizard of Oz,Young Frankenstein,The Graduate,Metropolis,2001: A Space Odyssey,The Godfather,Casablanca,Citizen Kane,Raging Bull
Miranda,The Wizard of Oz,Young Frankenstein,Singing In the Rain,The Graduate,Raging Bull,The Godfather,Casablanca,Citizen Kane,Metropolis,2001: A Space Odyssey