"Дата","Критерий","Парам. №1","Парам. №2","Значение"
"21.01.2014","views","","",32
"21.01.2014","visitors","","",13
"21.01.2014","gender","Ж","",6
"21.01.2014","gender","М","",7
"21.01.2014","age","24-27","",1
"21.01.2014","age","27-30","",2
"21.01.2014","age","30-35","",5
"21.01.2014","gender_age","Ж","27-30",2
"21.01.2014","gender_age","Ж","30-35",3
"21.01.2014","gender_age","М","24-27",1
"21.01.2014","gender_age","М","30-35",2
"21.01.2014","cities","Алматы","",8
"21.01.2014","cities","Усть-Каменогорск","",1
"21.01.2014","cities","Thimphu","",1
"21.01.2014","cities","Воронеж","",1
"21.01.2014","countries","Казахстан","",9
"21.01.2014","countries","Индия","",4
"21.01.2014","feedback","Мне нравится","",1
"21.01.2014","feedback","Комментарии","",1
"20.01.2014","views","","",52
"20.01.2014","visitors","","",15
"20.01.2014","gender","Ж","",9
"20.01.2014","gender","М","",6
"20.01.2014","age","24-27","",1
"20.01.2014","age","27-30","",2
"20.01.2014","age","30-35","",6
"20.01.2014","gender_age","Ж","27-30",2
"20.01.2014","gender_age","Ж","30-35",4
"20.01.2014","gender_age","М","24-27",1
"20.01.2014","gender_age","М","30-35",2
"20.01.2014","cities","Алматы","",9
"20.01.2014","cities","Усть-Каменогорск","",2
"20.01.2014","cities","Wien","",1
"20.01.2014","cities","Thimphu","",1
"20.01.2014","countries","Казахстан","",12
"20.01.2014","countries","Индия","",2
"20.01.2014","countries","Австрия","",1
"20.01.2014","sections","Фотоальбомы","",3
"20.01.2014","activity","Комментарии к фотографиям","",1
"20.01.2014","feedback","Мне нравится","",11
"20.01.2014","feedback","Комментарии","",3
"19.01.2014","views","","",30
"19.01.2014","visitors","","",13
"19.01.2014","gender","Ж","",6
"19.01.2014","gender","М","",7
"19.01.2014","age","24-27","",1
"19.01.2014","age","27-30","",1
"19.01.2014","age","30-35","",6
"19.01.2014","gender_age","Ж","27-30",1
"19.01.2014","gender_age","Ж","30-35",2
"19.01.2014","gender_age","М","24-27",1
"19.01.2014","gender_age","М","30-35",4
"19.01.2014","cities","Алматы","",9
"19.01.2014","cities","Усть-Каменогорск","",1
"19.01.2014","countries","Казахстан","",10
"19.01.2014","countries","Индия","",2
"19.01.2014","countries","Узбекистан","",1
"19.01.2014","activity","Сообщения на стене","",1
"19.01.2014","feedback","Мне нравится","",2
"19.01.2014","feedback","Комментарии","",1
"18.01.2014","views","","",23
"18.01.2014","visitors","","",14
"18.01.2014","gender","Ж","",9
"18.01.2014","gender","М","",4
"18.01.2014","age","27-30","",2
"18.01.2014","age","30-35","",5
"18.01.2014","gender_age","Ж","27-30",2
"18.01.2014","gender_age","Ж","30-35",4
"18.01.2014","gender_age","М","30-35",1
"18.01.2014","cities","Алматы","",7
"18.01.2014","cities","Усть-Каменогорск","",2
"18.01.2014","cities","Wien","",1
"18.01.2014","countries","Казахстан","",7
"18.01.2014","countries","Индия","",4
"18.01.2014","countries","Россия","",1
"18.01.2014","countries","Израиль","",1
"18.01.2014","countries","Австрия","",1
"18.01.2014","sections","Видеозаписи","",1
"18.01.2014","activity","Сообщения на стене","",1
"18.01.2014","activity","Комментарии к фотографиям","",1
"18.01.2014","feedback","Мне нравится","",5
"18.01.2014","feedback","Комментарии","",3
"17.01.2014","views","","",40
"17.01.2014","visitors","","",16
"17.01.2014","gender","Ж","",11
"17.01.2014","gender","М","",5
"17.01.2014","age","24-27","",2
"17.01.2014","age","27-30","",2
"17.01.2014","age","30-35","",6
"17.01.2014","gender_age","Ж","24-27",1
"17.01.2014","gender_age","Ж","27-30",2
"17.01.2014","gender_age","Ж","30-35",4
"17.01.2014","gender_age","М","24-27",1
"17.01.2014","gender_age","М","30-35",2
"17.01.2014","cities","Алматы","",9
"17.01.2014","cities","Усть-Каменогорск","",2
"17.01.2014","cities","Thimphu","",1
"17.01.2014","countries","Казахстан","",11
"17.01.2014","countries","Индия","",4
"17.01.2014","countries","Узбекистан","",1
"17.01.2014","feedback","Мне нравится","",1
"17.01.2014","feedback","Комментарии","",3
"16.01.2014","views","","",50
"16.01.2014","visitors","","",17
"16.01.2014","gender","Ж","",11
"16.01.2014","gender","М","",6
"16.01.2014","age","27-30","",1
"16.01.2014","age","30-35","",8
"16.01.2014","gender_age","Ж","27-30",1
"16.01.2014","gender_age","Ж","30-35",6
"16.01.2014","gender_age","М","30-35",2
"16.01.2014","cities","Алматы","",11
"16.01.2014","cities","Усть-Каменогорск","",4
"16.01.2014","countries","Казахстан","",13
"16.01.2014","countries","Индия","",4
"16.01.2014","activity","Сообщения на стене","",2
"16.01.2014","feedback","Мне нравится","",8
"16.01.2014","feedback","Комментарии","",5
"15.01.2014","views","","",39
"15.01.2014","visitors","","",16
"15.01.2014","gender","Ж","",8
"15.01.2014","gender","М","",8
"15.01.2014","age","18-21","",1
"15.01.2014","age","24-27","",2
"15.01.2014","age","27-30","",2
"15.01.2014","age","30-35","",6
"15.01.2014","gender_age","Ж","24-27",1
"15.01.2014","gender_age","Ж","27-30",2
"15.01.2014","gender_age","Ж","30-35",4
"15.01.2014","gender_age","М","18-21",1
"15.01.2014","gender_age","М","24-27",1
"15.01.2014","gender_age","М","30-35",2
"15.01.2014","cities","Алматы","",9
"15.01.2014","cities","Усть-Каменогорск","",2
"15.01.2014","cities","Thimphu","",1
"15.01.2014","cities","Tokyo","",1
"15.01.2014","cities","Смела","",1
"15.01.2014","countries","Казахстан","",12
"15.01.2014","countries","Индия","",3
"15.01.2014","countries","Украина","",1
"15.01.2014","sections","Видеозаписи","",1
"15.01.2014","activity","Комментарии к фотографиям","",1
"15.01.2014","feedback","Мне нравится","",1
"15.01.2014","feedback","Комментарии","",1
"14.01.2014","views","","",58
"14.01.2014","visitors","","",16
"14.01.2014","gender","Ж","",11
"14.01.2014","gender","М","",5
"14.01.2014","age","24-27","",1
"14.01.2014","age","27-30","",4
"14.01.2014","age","30-35","",5
"14.01.2014","gender_age","Ж","27-30",4
"14.01.2014","gender_age","Ж","30-35",2
"14.01.2014","gender_age","М","24-27",1
"14.01.2014","gender_age","М","30-35",3
"14.01.2014","cities","Алматы","",8
"14.01.2014","cities","Wien","",2
"14.01.2014","cities","Усть-Каменогорск","",1
"14.01.2014","cities","Thimphu","",1
"14.01.2014","cities","Томск","",1
"14.01.2014","countries","Казахстан","",11
"14.01.2014","countries","Индия","",4
"14.01.2014","countries","Узбекистан","",1
"14.01.2014","sections","Обсуждения","",2
"14.01.2014","activity","Комментарии к фотографиям","",2
"14.01.2014","feedback","Мне нравится","",5
"14.01.2014","feedback","Комментарии","",3
"13.01.2014","views","","",48
"13.01.2014","visitors","","",15
"13.01.2014","gender","Ж","",8
"13.01.2014","gender","М","",7
"13.01.2014","age","18-21","",1
"13.01.2014","age","24-27","",3
"13.01.2014","age","27-30","",1
"13.01.2014","age","30-35","",6
"13.01.2014","age","45+","",1
"13.01.2014","gender_age","Ж","18-21",1
"13.01.2014","gender_age","Ж","24-27",1
"13.01.2014","gender_age","Ж","27-30",1
"13.01.2014","gender_age","Ж","30-35",4
"13.01.2014","gender_age","М","24-27",2
"13.01.2014","gender_age","М","30-35",2
"13.01.2014","gender_age","М","45+",1
"13.01.2014","cities","Алматы","",8
"13.01.2014","cities","Усть-Каменогорск","",2
"13.01.2014","cities","Thimphu","",1
"13.01.2014","cities","Кировоград","",1
"13.01.2014","cities","Петрозаводск","",1
"13.01.2014","countries","Казахстан","",12
"13.01.2014","countries","Индия","",1
"13.01.2014","countries","Украина","",1
"13.01.2014","countries","Россия","",1
"13.01.2014","sections","Обсуждения","",1
"13.01.2014","activity","Сообщения на стене","",1
"13.01.2014","activity","Комментарии к фотографиям","",3
"13.01.2014","feedback","Мне нравится","",8
"13.01.2014","feedback","Комментарии","",6
"12.01.2014","views","","",23
"12.01.2014","visitors","","",9
"12.01.2014","gender","Ж","",4
"12.01.2014","gender","М","",5
"12.01.2014","age","24-27","",1
"12.01.2014","age","27-30","",1
"12.01.2014","age","30-35","",3
"12.01.2014","gender_age","Ж","27-30",1
"12.01.2014","gender_age","Ж","30-35",1
"12.01.2014","gender_age","М","24-27",1
"12.01.2014","gender_age","М","30-35",2
"12.01.2014","cities","Алматы","",6
"12.01.2014","cities","Wien","",1
"12.01.2014","cities","Thimphu","",1
"12.01.2014","countries","Казахстан","",8
"12.01.2014","countries","Индия","",1
"12.01.2014","sections","Обсуждения","",1
"12.01.2014","sections","Видеозаписи","",1
"12.01.2014","activity","Сообщения на стене","",1
"11.01.2014","views","","",25
"11.01.2014","visitors","","",9
"11.01.2014","gender","Ж","",6
"11.01.2014","gender","М","",3
"11.01.2014","age","24-27","",2
"11.01.2014","age","27-30","",1
"11.01.2014","age","30-35","",2
"11.01.2014","gender_age","Ж","24-27",1
"11.01.2014","gender_age","Ж","27-30",1
"11.01.2014","gender_age","Ж","30-35",2
"11.01.2014","gender_age","М","24-27",1
"11.01.2014","cities","Алматы","",5
"11.01.2014","cities","Thimphu","",1
"11.01.2014","cities","Усть-Каменогорск","",1
"11.01.2014","cities","Wien","",1
"11.01.2014","countries","Казахстан","",9
"11.01.2014","feedback","Комментарии","",2
"10.01.2014","views","","",46
"10.01.2014","visitors","","",12
"10.01.2014","gender","Ж","",7
"10.01.2014","gender","М","",5
"10.01.2014","age","24-27","",1
"10.01.2014","age","27-30","",1
"10.01.2014","age","30-35","",5
"10.01.2014","gender_age","Ж","27-30",1
"10.01.2014","gender_age","Ж","30-35",4
"10.01.2014","gender_age","М","24-27",1
"10.01.2014","gender_age","М","30-35",1
"10.01.2014","cities","Алматы","",7
"10.01.2014","cities","Усть-Каменогорск","",2
"10.01.2014","cities","Thimphu","",1
"10.01.2014","countries","Казахстан","",11
"10.01.2014","countries","Индия","",1
"10.01.2014","sections","Видеозаписи","",1
"10.01.2014","sections","Фотоальбомы","",1
"10.01.2014","activity","Сообщения на стене","",1
"10.01.2014","feedback","Комментарии","",1
"09.01.2014","views","","",35
"09.01.2014","visitors","","",11
"09.01.2014","gender","Ж","",8
"09.01.2014","gender","М","",3
"09.01.2014","age","24-27","",2
"09.01.2014","age","27-30","",1
"09.01.2014","age","30-35","",2
"09.01.2014","gender_age","Ж","24-27",1
"09.01.2014","gender_age","Ж","27-30",1
"09.01.2014","gender_age","Ж","30-35",2
"09.01.2014","gender_age","М","24-27",1
"09.01.2014","cities","Алматы","",4
"09.01.2014","cities","Wien","",2
"09.01.2014","cities","Усть-Каменогорск","",1
"09.01.2014","cities","Thimphu","",1
"09.01.2014","countries","Казахстан","",10
"09.01.2014","countries","Индия","",1
"08.01.2014","views","","",43
"08.01.2014","visitors","","",10
"08.01.2014","gender","Ж","",7
"08.01.2014","gender","М","",3
"08.01.2014","age","24-27","",3
"08.01.2014","age","30-35","",3
"08.01.2014","gender_age","Ж","24-27",2
"08.01.2014","gender_age","Ж","30-35",3
"08.01.2014","gender_age","М","24-27",1
"08.01.2014","cities","Алматы","",6
"08.01.2014","cities","Усть-Каменогорск","",1
"08.01.2014","countries","Казахстан","",9
"08.01.2014","countries","Индия","",1
"08.01.2014","sections","Обсуждения","",2
"08.01.2014","sections","Видеозаписи","",1
"08.01.2014","feedback","Мне нравится","",1
"07.01.2014","views","","",26
"07.01.2014","visitors","","",9
"07.01.2014","gender","Ж","",7
"07.01.2014","gender","М","",2
"07.01.2014","age","27-30","",2
"07.01.2014","age","30-35","",2
"07.01.2014","gender_age","Ж","27-30",2
"07.01.2014","gender_age","Ж","30-35",2
"07.01.2014","cities","Алматы","",4
"07.01.2014","cities","Thimphu","",1
"07.01.2014","cities","Усть-Каменогорск","",1
"07.01.2014","cities","Wien","",1
"07.01.2014","countries","Казахстан","",7
"07.01.2014","countries","Индия","",2
"06.01.2014","views","","",50
"06.01.2014","visitors","","",13
"06.01.2014","gender","Ж","",9
"06.01.2014","gender","М","",4
"06.01.2014","age","24-27","",1
"06.01.2014","age","30-35","",6
"06.01.2014","gender_age","Ж","24-27",1
"06.01.2014","gender_age","Ж","30-35",4
"06.01.2014","gender_age","М","30-35",2
"06.01.2014","cities","Алматы","",8
"06.01.2014","cities","Wien","",2
"06.01.2014","cities","Усть-Каменогорск","",2
"06.01.2014","cities","Томск","",1
"06.01.2014","countries","Казахстан","",10
"06.01.2014","countries","Индия","",3
"06.01.2014","activity","Комментарии к фотографиям","",3
"06.01.2014","feedback","Мне нравится","",8
"06.01.2014","feedback","Комментарии","",3
"05.01.2014","views","","",25
"05.01.2014","visitors","","",9
"05.01.2014","gender","Ж","",4
"05.01.2014","gender","М","",5
"05.01.2014","age","24-27","",1
"05.01.2014","age","27-30","",2
"05.01.2014","age","30-35","",3
"05.01.2014","gender_age","Ж","27-30",2
"05.01.2014","gender_age","Ж","30-35",1
"05.01.2014","gender_age","М","24-27",1
"05.01.2014","gender_age","М","30-35",2
"05.01.2014","cities","Алматы","",6
"05.01.2014","cities","Wien","",1
"05.01.2014","cities","Усть-Каменогорск","",1
"05.01.2014","countries","Казахстан","",7
"05.01.2014","countries","Индия","",2
"05.01.2014","feedback","Мне нравится","",2
"04.01.2014","views","","",18
"04.01.2014","visitors","","",9
"04.01.2014","gender","Ж","",5
"04.01.2014","gender","М","",4
"04.01.2014","age","24-27","",1
"04.01.2014","age","27-30","",2
"04.01.2014","age","30-35","",1
"04.01.2014","gender_age","Ж","24-27",1
"04.01.2014","gender_age","Ж","27-30",1
"04.01.2014","gender_age","Ж","30-35",1
"04.01.2014","gender_age","М","27-30",1
"04.01.2014","cities","Алматы","",6
"04.01.2014","cities","Thimphu","",1
"04.01.2014","cities","Wien","",1
"04.01.2014","countries","Казахстан","",6
"04.01.2014","countries","Индия","",3
"03.01.2014","views","","",31
"03.01.2014","visitors","","",13
"03.01.2014","gender","Ж","",10
"03.01.2014","gender","М","",3
"03.01.2014","age","18-21","",1
"03.01.2014","age","21-24","",1
"03.01.2014","age","24-27","",2
"03.01.2014","age","27-30","",3
"03.01.2014","age","30-35","",1
"03.01.2014","gender_age","Ж","21-24",1
"03.01.2014","gender_age","Ж","24-27",2
"03.01.2014","gender_age","Ж","27-30",3
"03.01.2014","gender_age","Ж","30-35",1
"03.01.2014","gender_age","М","18-21",1
"03.01.2014","cities","Алматы","",7
"03.01.2014","cities","Усть-Каменогорск","",1
"03.01.2014","cities","Thimphu","",1
"03.01.2014","cities","Москва","",1
"03.01.2014","cities","Wien","",1
"03.01.2014","countries","Казахстан","",9
"03.01.2014","countries","Индия","",2
"03.01.2014","countries","Узбекистан","",2
"03.01.2014","sections","Обсуждения","",1
"03.01.2014","activity","Комментарии к фотографиям","",1
"03.01.2014","feedback","Мне нравится","",5
"03.01.2014","feedback","Комментарии","",5
"02.01.2014","views","","",32
"02.01.2014","visitors","","",10
"02.01.2014","gender","Ж","",6
"02.01.2014","gender","М","",4
"02.01.2014","age","21-24","",1
"02.01.2014","age","27-30","",2
"02.01.2014","age","30-35","",2
"02.01.2014","gender_age","Ж","21-24",1
"02.01.2014","gender_age","Ж","27-30",2
"02.01.2014","gender_age","Ж","30-35",1
"02.01.2014","gender_age","М","30-35",1
"02.01.2014","cities","Алматы","",7
"02.01.2014","cities","Wien","",1
"02.01.2014","countries","Казахстан","",7
"02.01.2014","countries","Индия","",2
"02.01.2014","countries","Узбекистан","",1
"02.01.2014","activity","Комментарии к фотографиям","",1
"02.01.2014","feedback","Мне нравится","",11
"02.01.2014","feedback","Комментарии","",12
"01.01.2014","views","","",17
"01.01.2014","visitors","","",7
"01.01.2014","gender","Ж","",4
"01.01.2014","gender","М","",3
"01.01.2014","age","21-24","",1
"01.01.2014","age","24-27","",1
"01.01.2014","age","30-35","",1
"01.01.2014","gender_age","Ж","21-24",1
"01.01.2014","gender_age","Ж","30-35",1
"01.01.2014","gender_age","М","24-27",1
"01.01.2014","cities","Алматы","",5
"01.01.2014","cities","Санкт-Петербург","",1
"01.01.2014","countries","Казахстан","",6
"01.01.2014","countries","Индия","",1
"01.01.2014","activity","Комментарии к фотографиям","",1
"01.01.2014","feedback","Мне нравится","",10
"01.01.2014","feedback","Комментарии","",4
"31.12.2013","views","","",37
"31.12.2013","visitors","","",10
"31.12.2013","gender","Ж","",4
"31.12.2013","gender","М","",6
"31.12.2013","age","24-27","",1
"31.12.2013","age","27-30","",4
"31.12.2013","age","30-35","",2
"31.12.2013","gender_age","Ж","24-27",1
"31.12.2013","gender_age","Ж","27-30",2
"31.12.2013","gender_age","Ж","30-35",1
"31.12.2013","gender_age","М","27-30",2
"31.12.2013","gender_age","М","30-35",1
"31.12.2013","cities","Алматы","",8
"31.12.2013","cities","Thimphu","",1
"31.12.2013","countries","Казахстан","",8
"31.12.2013","countries","Индия","",2
"31.12.2013","sections","Видеозаписи","",1
"31.12.2013","activity","Сообщения на стене","",1
"31.12.2013","activity","Комментарии к фотографиям","",1
"31.12.2013","feedback","Мне нравится","",22
"31.12.2013","feedback","Комментарии","",20
"30.12.2013","views","","",58
"30.12.2013","visitors","","",10
"30.12.2013","gender","Ж","",5
"30.12.2013","gender","М","",5
"30.12.2013","age","27-30","",2
"30.12.2013","age","30-35","",4
"30.12.2013","gender_age","Ж","27-30",2
"30.12.2013","gender_age","Ж","30-35",2
"30.12.2013","gender_age","М","30-35",2
"30.12.2013","cities","Алматы","",7
"30.12.2013","cities","Усть-Каменогорск","",2
"30.12.2013","countries","Казахстан","",9
"30.12.2013","countries","Индия","",1
"30.12.2013","feedback","Мне нравится","",3
"30.12.2013","feedback","Комментарии","",38
"29.12.2013","views","","",20
"29.12.2013","visitors","","",7
"29.12.2013","gender","Ж","",3
"29.12.2013","gender","М","",4
"29.12.2013","age","21-24","",1
"29.12.2013","age","30-35","",3
"29.12.2013","gender_age","Ж","21-24",1
"29.12.2013","gender_age","Ж","30-35",2
"29.12.2013","gender_age","М","30-35",1
"29.12.2013","cities","Алматы","",5
"29.12.2013","countries","Казахстан","",6
"29.12.2013","countries","Индия","",1
"29.12.2013","feedback","Мне нравится","",9
"29.12.2013","feedback","Комментарии","",5
"28.12.2013","views","","",39
"28.12.2013","visitors","","",11
"28.12.2013","gender","Ж","",8
"28.12.2013","gender","М","",3
"28.12.2013","age","24-27","",1
"28.12.2013","age","27-30","",3
"28.12.2013","age","30-35","",3
"28.12.2013","gender_age","Ж","24-27",1
"28.12.2013","gender_age","Ж","27-30",3
"28.12.2013","gender_age","Ж","30-35",3
"28.12.2013","cities","Алматы","",6
"28.12.2013","cities","Усть-Каменогорск","",2
"28.12.2013","cities","Thimphu","",1
"28.12.2013","cities","Wien","",1
"28.12.2013","countries","Казахстан","",11
"28.12.2013","sections","Фотоальбомы","",3
"28.12.2013","feedback","Мне нравится","",3
"28.12.2013","feedback","Комментарии","",13
"27.12.2013","views","","",34
"27.12.2013","visitors","","",9
"27.12.2013","gender","Ж","",7
"27.12.2013","gender","М","",2
"27.12.2013","age","21-24","",1
"27.12.2013","age","24-27","",1
"27.12.2013","age","27-30","",3
"27.12.2013","age","30-35","",1
"27.12.2013","gender_age","Ж","21-24",1
"27.12.2013","gender_age","Ж","24-27",1
"27.12.2013","gender_age","Ж","27-30",3
"27.12.2013","gender_age","Ж","30-35",1
"27.12.2013","cities","Алматы","",3
"27.12.2013","cities","Усть-Каменогорск","",2
"27.12.2013","cities","Thimphu","",1
"27.12.2013","countries","Казахстан","",8
"27.12.2013","countries","Узбекистан","",1
"27.12.2013","sections","Обсуждения","",2
"27.12.2013","sections","Видеозаписи","",1
"27.12.2013","feedback","Мне нравится","",1
"27.12.2013","feedback","Комментарии","",6
"26.12.2013","views","","",57
"26.12.2013","visitors","","",15
"26.12.2013","gender","Ж","",9
"26.12.2013","gender","М","",6
"26.12.2013","age","21-24","",2
"26.12.2013","age","24-27","",2
"26.12.2013","age","27-30","",5
"26.12.2013","age","30-35","",1
"26.12.2013","gender_age","Ж","21-24",2
"26.12.2013","gender_age","Ж","24-27",1
"26.12.2013","gender_age","Ж","27-30",4
"26.12.2013","gender_age","Ж","30-35",1
"26.12.2013","gender_age","М","24-27",1
"26.12.2013","gender_age","М","27-30",1
"26.12.2013","cities","Алматы","",10
"26.12.2013","cities","Усть-Каменогорск","",2
"26.12.2013","cities","Thimphu","",1
"26.12.2013","countries","Казахстан","",14
"26.12.2013","countries","Индия","",1
"26.12.2013","sections","Обсуждения","",4
"26.12.2013","sections","Видеозаписи","",1
"26.12.2013","activity","Комментарии к обсуждениям","",2
"26.12.2013","feedback","Мне нравится","",1
"26.12.2013","feedback","Комментарии","",15
"25.12.2013","views","","",58
"25.12.2013","visitors","","",16
"25.12.2013","gender","Ж","",9
"25.12.2013","gender","М","",7
"25.12.2013","age","21-24","",2
"25.12.2013","age","24-27","",3
"25.12.2013","age","27-30","",5
"25.12.2013","age","30-35","",2
"25.12.2013","gender_age","Ж","21-24",2
"25.12.2013","gender_age","Ж","24-27",2
"25.12.2013","gender_age","Ж","27-30",3
"25.12.2013","gender_age","Ж","30-35",1
"25.12.2013","gender_age","М","24-27",1
"25.12.2013","gender_age","М","27-30",2
"25.12.2013","gender_age","М","30-35",1
"25.12.2013","cities","Алматы","",9
"25.12.2013","cities","Усть-Каменогорск","",2
"25.12.2013","cities","Thimphu","",1
"25.12.2013","countries","Казахстан","",14
"25.12.2013","countries","Индия","",2
"25.12.2013","sections","Обсуждения","",3
"25.12.2013","activity","Комментарии к обсуждениям","",1
"25.12.2013","feedback","Мне нравится","",4
"25.12.2013","feedback","Комментарии","",11
"24.12.2013","views","","",84
"24.12.2013","visitors","","",18
"24.12.2013","gender","Ж","",13
"24.12.2013","gender","М","",5
"24.12.2013","age","21-24","",2
"24.12.2013","age","24-27","",3
"24.12.2013","age","27-30","",4
"24.12.2013","age","30-35","",2
"24.12.2013","gender_age","Ж","21-24",2
"24.12.2013","gender_age","Ж","24-27",2
"24.12.2013","gender_age","Ж","27-30",4
"24.12.2013","gender_age","Ж","30-35",1
"24.12.2013","gender_age","М","24-27",1
"24.12.2013","gender_age","М","30-35",1
"24.12.2013","cities","Алматы","",8
"24.12.2013","cities","Усть-Каменогорск","",2
"24.12.2013","cities","Thimphu","",1
"24.12.2013","cities","Wien","",1
"24.12.2013","countries","Казахстан","",14
"24.12.2013","countries","Индия","",3
"24.12.2013","countries","Австрия","",1
"24.12.2013","sections","Обсуждения","",5
"24.12.2013","sections","Видеозаписи","",1
"24.12.2013","sections","Фотоальбомы","",1
"24.12.2013","activity","Сообщения на стене","",2
"24.12.2013","activity","Комментарии к обсуждениям","",2
"24.12.2013","feedback","Мне нравится","",3
"24.12.2013","feedback","Комментарии","",12
"23.12.2013","views","","",47
"23.12.2013","visitors","","",14
"23.12.2013","gender","Ж","",6
"23.12.2013","gender","М","",7
"23.12.2013","age","21-24","",1
"23.12.2013","age","24-27","",2
"23.12.2013","age","27-30","",3
"23.12.2013","age","30-35","",3
"23.12.2013","gender_age","Ж","21-24",1
"23.12.2013","gender_age","Ж","27-30",2
"23.12.2013","gender_age","Ж","30-35",2
"23.12.2013","gender_age","М","24-27",2
"23.12.2013","gender_age","М","27-30",1
"23.12.2013","gender_age","М","30-35",1
"23.12.2013","cities","Алматы","",9
"23.12.2013","cities","Усть-Каменогорск","",1
"23.12.2013","countries","Казахстан","",12
"23.12.2013","countries","Индия","",1
"23.12.2013","countries","Россия","",1
"23.12.2013","sections","Обсуждения","",2
"23.12.2013","activity","Комментарии к фотографиям","",1
"23.12.2013","feedback","Мне нравится","",5
"23.12.2013","feedback","Комментарии","",7
"22.12.2013","views","","",34
"22.12.2013","visitors","","",14
"22.12.2013","gender","Ж","",9
"22.12.2013","gender","М","",5
"22.12.2013","age","24-27","",3
"22.12.2013","age","27-30","",2
"22.12.2013","age","30-35","",2
"22.12.2013","gender_age","Ж","24-27",3
"22.12.2013","gender_age","Ж","27-30",1
"22.12.2013","gender_age","Ж","30-35",1
"22.12.2013","gender_age","М","27-30",1
"22.12.2013","gender_age","М","30-35",1
"22.12.2013","cities","Алматы","",8
"22.12.2013","cities","Thimphu","",2
"22.12.2013","countries","Казахстан","",10
"22.12.2013","countries","Индия","",3
"22.12.2013","countries","Великобритания","",1
"22.12.2013","activity","Комментарии к обсуждениям","",1
"22.12.2013","feedback","Мне нравится","",1
"22.12.2013","feedback","Комментарии","",5
"21.12.2013","views","","",23
"21.12.2013","visitors","","",12
"21.12.2013","gender","Ж","",6
"21.12.2013","gender","М","",6
"21.12.2013","age","24-27","",1
"21.12.2013","age","27-30","",3
"21.12.2013","age","30-35","",3
"21.12.2013","gender_age","Ж","24-27",1
"21.12.2013","gender_age","Ж","27-30",2
"21.12.2013","gender_age","Ж","30-35",1
"21.12.2013","gender_age","М","27-30",1
"21.12.2013","gender_age","М","30-35",2
"21.12.2013","cities","Алматы","",8
"21.12.2013","cities","Усть-Каменогорск","",1
"21.12.2013","countries","Казахстан","",8
"21.12.2013","countries","Индия","",3
"21.12.2013","countries","Израиль","",1
"21.12.2013","activity","Сообщения на стене","",1
"20.12.2013","views","","",45
"20.12.2013","visitors","","",12
"20.12.2013","gender","Ж","",4
"20.12.2013","gender","М","",8
"20.12.2013","age","24-27","",4
"20.12.2013","age","27-30","",1
"20.12.2013","age","30-35","",3
"20.12.2013","gender_age","Ж","24-27",1
"20.12.2013","gender_age","Ж","27-30",1
"20.12.2013","gender_age","Ж","30-35",1
"20.12.2013","gender_age","М","24-27",3
"20.12.2013","gender_age","М","30-35",2
"20.12.2013","cities","Алматы","",9
"20.12.2013","cities","Thimphu","",1
"20.12.2013","countries","Казахстан","",11
"20.12.2013","countries","Индия","",1
"20.12.2013","feedback","Мне нравится","",1
"19.12.2013","views","","",88
"19.12.2013","visitors","","",16
"19.12.2013","gender","Ж","",8
"19.12.2013","gender","М","",8
"19.12.2013","age","24-27","",4
"19.12.2013","age","27-30","",3
"19.12.2013","age","30-35","",3
"19.12.2013","gender_age","Ж","24-27",2
"19.12.2013","gender_age","Ж","27-30",2
"19.12.2013","gender_age","Ж","30-35",1
"19.12.2013","gender_age","М","24-27",2
"19.12.2013","gender_age","М","27-30",1
"19.12.2013","gender_age","М","30-35",2
"19.12.2013","cities","Алматы","",10
"19.12.2013","cities","Thimphu","",1
"19.12.2013","cities","Wien","",1
"19.12.2013","countries","Казахстан","",11
"19.12.2013","countries","Индия","",4
"19.12.2013","countries","Россия","",1
"19.12.2013","sections","Обсуждения","",8
"19.12.2013","activity","Комментарии к обсуждениям","",2
"19.12.2013","feedback","Мне нравится","",7
"19.12.2013","feedback","Комментарии","",10
"18.12.2013","views","","",61
"18.12.2013","visitors","","",12
"18.12.2013","gender","Ж","",7
"18.12.2013","gender","М","",5
"18.12.2013","age","24-27","",2
"18.12.2013","age","27-30","",2
"18.12.2013","age","30-35","",3
"18.12.2013","gender_age","Ж","24-27",1
"18.12.2013","gender_age","Ж","27-30",2
"18.12.2013","gender_age","Ж","30-35",2
"18.12.2013","gender_age","М","24-27",1
"18.12.2013","gender_age","М","30-35",1
"18.12.2013","cities","Алматы","",9
"18.12.2013","countries","Казахстан","",10
"18.12.2013","countries","Индия","",2
"18.12.2013","sections","Обсуждения","",2
"18.12.2013","activity","Сообщения на стене","",1
"18.12.2013","feedback","Мне нравится","",5
"18.12.2013","feedback","Комментарии","",3
"17.12.2013","views","","",19
"17.12.2013","visitors","","",9
"17.12.2013","gender","Ж","",3
"17.12.2013","gender","М","",6
"17.12.2013","age","24-27","",2
"17.12.2013","age","27-30","",2
"17.12.2013","age","30-35","",1
"17.12.2013","gender_age","Ж","24-27",1
"17.12.2013","gender_age","Ж","27-30",1
"17.12.2013","gender_age","М","24-27",1
"17.12.2013","gender_age","М","27-30",1
"17.12.2013","gender_age","М","30-35",1
"17.12.2013","cities","Алматы","",6
"17.12.2013","cities","Усть-Каменогорск","",1
"17.12.2013","countries","Казахстан","",8
"17.12.2013","countries","Индия","",1
"17.12.2013","sections","Обсуждения","",1
"17.12.2013","feedback","Мне нравится","",2
"17.12.2013","feedback","Комментарии","",2
"16.12.2013","views","","",22
"16.12.2013","visitors","","",14
"16.12.2013","gender","Ж","",10
"16.12.2013","gender","М","",4
"16.12.2013","age","24-27","",3
"16.12.2013","age","27-30","",3
"16.12.2013","age","30-35","",2
"16.12.2013","gender_age","Ж","24-27",1
"16.12.2013","gender_age","Ж","27-30",3
"16.12.2013","gender_age","Ж","30-35",2
"16.12.2013","gender_age","М","24-27",2
"16.12.2013","cities","Алматы","",8
"16.12.2013","cities","Wien","",2
"16.12.2013","countries","Казахстан","",9
"16.12.2013","countries","Индия","",3
"16.12.2013","countries","Австрия","",2
"16.12.2013","sections","Обсуждения","",1
"15.12.2013","views","","",31
"15.12.2013","visitors","","",13
"15.12.2013","gender","Ж","",7
"15.12.2013","gender","М","",6
"15.12.2013","age","21-24","",1
"15.12.2013","age","24-27","",3
"15.12.2013","age","27-30","",2
"15.12.2013","age","30-35","",2
"15.12.2013","gender_age","Ж","21-24",1
"15.12.2013","gender_age","Ж","24-27",1
"15.12.2013","gender_age","Ж","27-30",1
"15.12.2013","gender_age","Ж","30-35",1
"15.12.2013","gender_age","М","24-27",2
"15.12.2013","gender_age","М","27-30",1
"15.12.2013","gender_age","М","30-35",1
"15.12.2013","cities","Алматы","",9
"15.12.2013","cities","Wien","",1
"15.12.2013","countries","Казахстан","",8
"15.12.2013","countries","Индия","",3
"15.12.2013","countries","Россия","",1
"15.12.2013","countries","Австрия","",1
"15.12.2013","sections","Обсуждения","",2
"15.12.2013","activity","Комментарии к обсуждениям","",2
"14.12.2013","views","","",55
"14.12.2013","visitors","","",17
"14.12.2013","gender","Ж","",8
"14.12.2013","gender","М","",9
"14.12.2013","age","21-24","",1
"14.12.2013","age","24-27","",4
"14.12.2013","age","27-30","",2
"14.12.2013","age","30-35","",3
"14.12.2013","gender_age","Ж","21-24",1
"14.12.2013","gender_age","Ж","24-27",2
"14.12.2013","gender_age","Ж","27-30",1
"14.12.2013","gender_age","Ж","30-35",1
"14.12.2013","gender_age","М","24-27",2
"14.12.2013","gender_age","М","27-30",1
"14.12.2013","gender_age","М","30-35",2
"14.12.2013","cities","Алматы","",12
"14.12.2013","cities","Wien","",1
"14.12.2013","cities","Усть-Каменогорск","",1
"14.12.2013","countries","Казахстан","",13
"14.12.2013","countries","Индия","",2
"14.12.2013","countries","Россия","",1
"14.12.2013","countries","Австрия","",1
"14.12.2013","sections","Обсуждения","",2
"14.12.2013","sections","Видеозаписи","",1
"14.12.2013","feedback","Мне нравится","",7
"14.12.2013","feedback","Комментарии","",6
"13.12.2013","views","","",75
"13.12.2013","visitors","","",18
"13.12.2013","gender","Ж","",8
"13.12.2013","gender","М","",9
"13.12.2013","age","21-24","",3
"13.12.2013","age","24-27","",4
"13.12.2013","age","27-30","",2
"13.12.2013","age","30-35","",2
"13.12.2013","gender_age","Ж","21-24",3
"13.12.2013","gender_age","Ж","24-27",2
"13.12.2013","gender_age","Ж","27-30",1
"13.12.2013","gender_age","М","24-27",2
"13.12.2013","gender_age","М","27-30",1
"13.12.2013","gender_age","М","30-35",2
"13.12.2013","cities","Алматы","",12
"13.12.2013","countries","Казахстан","",14
"13.12.2013","countries","Индия","",3
"13.12.2013","countries","Россия","",1
"13.12.2013","sections","Обсуждения","",2
"13.12.2013","sections","Видеозаписи","",1
"13.12.2013","sections","Фотоальбомы","",3
"13.12.2013","activity","Сообщения на стене","",1
"13.12.2013","feedback","Мне нравится","",5
"12.12.2013","views","","",64
"12.12.2013","visitors","","",19
"12.12.2013","gender","Ж","",9
"12.12.2013","gender","М","",10
"12.12.2013","age","21-24","",1
"12.12.2013","age","24-27","",6
"12.12.2013","age","27-30","",6
"12.12.2013","age","30-35","",2
"12.12.2013","gender_age","Ж","21-24",1
"12.12.2013","gender_age","Ж","24-27",2
"12.12.2013","gender_age","Ж","27-30",3
"12.12.2013","gender_age","Ж","30-35",1
"12.12.2013","gender_age","М","24-27",4
"12.12.2013","gender_age","М","27-30",3
"12.12.2013","gender_age","М","30-35",1
"12.12.2013","cities","Алматы","",15
"12.12.2013","countries","Казахстан","",17
"12.12.2013","countries","Россия","",2
"12.12.2013","sections","Обсуждения","",3
"12.12.2013","activity","Комментарии к обсуждениям","",2
"12.12.2013","feedback","Мне нравится","",4
"11.12.2013","views","","",64
"11.12.2013","visitors","","",20
"11.12.2013","gender","Ж","",11
"11.12.2013","gender","М","",9
"11.12.2013","age","21-24","",1
"11.12.2013","age","24-27","",4
"11.12.2013","age","27-30","",7
"11.12.2013","age","30-35","",1
"11.12.2013","gender_age","Ж","21-24",1
"11.12.2013","gender_age","Ж","24-27",1
"11.12.2013","gender_age","Ж","27-30",4
"11.12.2013","gender_age","Ж","30-35",1
"11.12.2013","gender_age","М","24-27",3
"11.12.2013","gender_age","М","27-30",3
"11.12.2013","cities","Алматы","",13
"11.12.2013","cities","Wien","",1
"11.12.2013","countries","Казахстан","",17
"11.12.2013","countries","Россия","",2
"11.12.2013","countries","Австрия","",1
"11.12.2013","sections","Обсуждения","",1
"11.12.2013","feedback","Мне нравится","",2
"11.12.2013","feedback","Комментарии","",5
"10.12.2013","views","","",68
"10.12.2013","visitors","","",19
"10.12.2013","gender","Ж","",10
"10.12.2013","gender","М","",9
"10.12.2013","age","21-24","",2
"10.12.2013","age","24-27","",4
"10.12.2013","age","27-30","",4
"10.12.2013","age","30-35","",3
"10.12.2013","gender_age","Ж","21-24",2
"10.12.2013","gender_age","Ж","24-27",1
"10.12.2013","gender_age","Ж","27-30",3
"10.12.2013","gender_age","Ж","30-35",1
"10.12.2013","gender_age","М","24-27",3
"10.12.2013","gender_age","М","27-30",1
"10.12.2013","gender_age","М","30-35",2
"10.12.2013","cities","Алматы","",12
"10.12.2013","cities","Wien","",1
"10.12.2013","countries","Казахстан","",14
"10.12.2013","countries","Россия","",2
"10.12.2013","countries","Австрия","",1
"10.12.2013","countries","Кыргызстан","",1
"10.12.2013","countries","Индия","",1
"10.12.2013","feedback","Мне нравится","",3
"10.12.2013","feedback","Комментарии","",12
"09.12.2013","views","","",133
"09.12.2013","visitors","","",24
"09.12.2013","gender","Ж","",12
"09.12.2013","gender","М","",11
"09.12.2013","age","24-27","",4
"09.12.2013","age","27-30","",8
"09.12.2013","age","30-35","",3
"09.12.2013","gender_age","Ж","24-27",1
"09.12.2013","gender_age","Ж","27-30",4
"09.12.2013","gender_age","Ж","30-35",2
"09.12.2013","gender_age","М","24-27",3
"09.12.2013","gender_age","М","27-30",4
"09.12.2013","gender_age","М","30-35",1
"09.12.2013","cities","Алматы","",17
"09.12.2013","cities","Wien","",2
"09.12.2013","countries","Казахстан","",18
"09.12.2013","countries","Россия","",2
"09.12.2013","countries","Австрия","",2
"09.12.2013","countries","Индия","",1
"09.12.2013","countries","США","",1
"09.12.2013","sections","Видеозаписи","",1
"09.12.2013","activity","Сообщения на стене","",1
"09.12.2013","feedback","Мне нравится","",2
"09.12.2013","feedback","Комментарии","",38
"08.12.2013","views","","",55
"08.12.2013","visitors","","",19
"08.12.2013","gender","Ж","",9
"08.12.2013","gender","М","",10
"08.12.2013","age","24-27","",5
"08.12.2013","age","27-30","",6
"08.12.2013","age","30-35","",2
"08.12.2013","gender_age","Ж","24-27",2
"08.12.2013","gender_age","Ж","27-30",3
"08.12.2013","gender_age","Ж","30-35",1
"08.12.2013","gender_age","М","24-27",3
"08.12.2013","gender_age","М","27-30",3
"08.12.2013","gender_age","М","30-35",1
"08.12.2013","cities","Алматы","",13
"08.12.2013","cities","Усть-Каменогорск","",1
"08.12.2013","cities","Flensburg","",1
"08.12.2013","cities","Wien","",1
"08.12.2013","countries","Казахстан","",15
"08.12.2013","countries","Россия","",1
"08.12.2013","countries","Индия","",1
"08.12.2013","countries","Германия","",1
"08.12.2013","countries","Австрия","",1
"08.12.2013","sections","Обсуждения","",1
"07.12.2013","views","","",47
"07.12.2013","visitors","","",12
"07.12.2013","gender","Ж","",5
"07.12.2013","gender","М","",7
"07.12.2013","age","24-27","",3
"07.12.2013","age","27-30","",5
"07.12.2013","gender_age","Ж","24-27",1
"07.12.2013","gender_age","Ж","27-30",3
"07.12.2013","gender_age","М","24-27",2
"07.12.2013","gender_age","М","27-30",2
"07.12.2013","cities","Алматы","",8
"07.12.2013","cities","Усть-Каменогорск","",1
"07.12.2013","countries","Казахстан","",11
"07.12.2013","countries","Индия","",1
"07.12.2013","sections","Обсуждения","",1
"07.12.2013","sections","Фотоальбомы","",1
"07.12.2013","feedback","Мне нравится","",1
"07.12.2013","feedback","Комментарии","",3
"06.12.2013","views","","",82
"06.12.2013","visitors","","",23
"06.12.2013","gender","Ж","",14
"06.12.2013","gender","М","",8
"06.12.2013","age","21-24","",1
"06.12.2013","age","24-27","",3
"06.12.2013","age","27-30","",8
"06.12.2013","age","30-35","",2
"06.12.2013","gender_age","Ж","21-24",1
"06.12.2013","gender_age","Ж","24-27",1
"06.12.2013","gender_age","Ж","27-30",6
"06.12.2013","gender_age","Ж","30-35",1
"06.12.2013","gender_age","М","24-27",2
"06.12.2013","gender_age","М","27-30",2
"06.12.2013","gender_age","М","30-35",1
"06.12.2013","cities","Алматы","",15
"06.12.2013","cities","Усть-Каменогорск","",1
"06.12.2013","cities","Москва","",1
"06.12.2013","cities","Wien","",1
"06.12.2013","countries","Казахстан","",20
"06.12.2013","countries","Россия","",1
"06.12.2013","countries","Узбекистан","",1
"06.12.2013","countries","Австрия","",1
"06.12.2013","sections","Обсуждения","",4
"06.12.2013","sections","Фотоальбомы","",1
"06.12.2013","activity","Комментарии к фотографиям","",2
"06.12.2013","feedback","Мне нравится","",1
"06.12.2013","feedback","Комментарии","",2
"05.12.2013","views","","",63
"05.12.2013","visitors","","",19
"05.12.2013","gender","Ж","",10
"05.12.2013","gender","М","",9
"05.12.2013","age","21-24","",1
"05.12.2013","age","24-27","",4
"05.12.2013","age","27-30","",6
"05.12.2013","age","30-35","",3
"05.12.2013","gender_age","Ж","21-24",1
"05.12.2013","gender_age","Ж","24-27",2
"05.12.2013","gender_age","Ж","27-30",3
"05.12.2013","gender_age","Ж","30-35",2
"05.12.2013","gender_age","М","24-27",2
"05.12.2013","gender_age","М","27-30",3
"05.12.2013","gender_age","М","30-35",1
"05.12.2013","cities","Алматы","",16
"05.12.2013","countries","Казахстан","",17
"05.12.2013","countries","Индия","",1
"05.12.2013","countries","Россия","",1
"05.12.2013","sections","Обсуждения","",2
"05.12.2013","sections","Видеозаписи","",1
"05.12.2013","sections","Фотоальбомы","",3
"05.12.2013","feedback","Комментарии","",5
"04.12.2013","views","","",83
"04.12.2013","visitors","","",23
"04.12.2013","gender","Ж","",11
"04.12.2013","gender","М","",12
"04.12.2013","age","24-27","",6
"04.12.2013","age","27-30","",7
"04.12.2013","age","30-35","",4
"04.12.2013","gender_age","Ж","24-27",2
"04.12.2013","gender_age","Ж","27-30",4
"04.12.2013","gender_age","Ж","30-35",2
"04.12.2013","gender_age","М","24-27",4
"04.12.2013","gender_age","М","27-30",3
"04.12.2013","gender_age","М","30-35",2
"04.12.2013","cities","Алматы","",19
"04.12.2013","cities","Wien","",1
"04.12.2013","countries","Казахстан","",20
"04.12.2013","countries","Индия","",1
"04.12.2013","countries","Россия","",1
"04.12.2013","countries","Австрия","",1
"04.12.2013","sections","Обсуждения","",3
"04.12.2013","sections","Фотоальбомы","",6
"04.12.2013","activity","Сообщения на стене","",1
"04.12.2013","feedback","Мне нравится","",12
"04.12.2013","feedback","Комментарии","",8
"03.12.2013","views","","",89
"03.12.2013","visitors","","",23
"03.12.2013","gender","Ж","",15
"03.12.2013","gender","М","",8
"03.12.2013","age","18-21","",1
"03.12.2013","age","21-24","",1
"03.12.2013","age","24-27","",3
"03.12.2013","age","27-30","",7
"03.12.2013","age","30-35","",4
"03.12.2013","gender_age","Ж","18-21",1
"03.12.2013","gender_age","Ж","21-24",1
"03.12.2013","gender_age","Ж","24-27",1
"03.12.2013","gender_age","Ж","27-30",5
"03.12.2013","gender_age","Ж","30-35",2
"03.12.2013","gender_age","М","24-27",2
"03.12.2013","gender_age","М","27-30",2
"03.12.2013","gender_age","М","30-35",2
"03.12.2013","cities","Алматы","",16
"03.12.2013","cities","Томск","",1
"03.12.2013","cities","Wien","",1
"03.12.2013","cities","Бишкек","",1
"03.12.2013","countries","Казахстан","",18
"03.12.2013","countries","Кыргызстан","",2
"03.12.2013","countries","Индия","",1
"03.12.2013","countries","Россия","",1
"03.12.2013","countries","Австрия","",1
"03.12.2013","sections","Обсуждения","",11
"03.12.2013","sections","Фотоальбомы","",2
"03.12.2013","activity","Сообщения на стене","",1
"03.12.2013","activity","Комментарии к фотографиям","",3
"03.12.2013","feedback","Мне нравится","",13
"03.12.2013","feedback","Комментарии","",11
"02.12.2013","views","","",82
"02.12.2013","visitors","","",21
"02.12.2013","gender","Ж","",12
"02.12.2013","gender","М","",9
"02.12.2013","age","21-24","",1
"02.12.2013","age","24-27","",5
"02.12.2013","age","27-30","",5
"02.12.2013","age","30-35","",4
"02.12.2013","gender_age","Ж","21-24",1
"02.12.2013","gender_age","Ж","24-27",3
"02.12.2013","gender_age","Ж","27-30",2
"02.12.2013","gender_age","Ж","30-35",2
"02.12.2013","gender_age","М","24-27",2
"02.12.2013","gender_age","М","27-30",3
"02.12.2013","gender_age","М","30-35",2
"02.12.2013","cities","Алматы","",15
"02.12.2013","cities","Wien","",1
"02.12.2013","countries","Казахстан","",19
"02.12.2013","countries","Индия","",1
"02.12.2013","countries","Австрия","",1
"02.12.2013","sections","Обсуждения","",4
"02.12.2013","activity","Сообщения на стене","",1
"02.12.2013","activity","Комментарии к фотографиям","",8
"02.12.2013","feedback","Мне нравится","",23
"02.12.2013","feedback","Комментарии","",12
"01.12.2013","views","","",44
"01.12.2013","visitors","","",16
"01.12.2013","gender","Ж","",7
"01.12.2013","gender","М","",9
"01.12.2013","age","24-27","",2
"01.12.2013","age","27-30","",2
"01.12.2013","age","30-35","",2
"01.12.2013","gender_age","Ж","30-35",1
"01.12.2013","gender_age","М","24-27",2
"01.12.2013","gender_age","М","27-30",2
"01.12.2013","gender_age","М","30-35",1
"01.12.2013","cities","Алматы","",10
"01.12.2013","cities","Wien","",2
"01.12.2013","countries","Казахстан","",12
"01.12.2013","countries","Австрия","",2
"01.12.2013","countries","Индия","",1
"01.12.2013","countries","Узбекистан","",1
"01.12.2013","sections","Обсуждения","",1
"01.12.2013","sections","Видеозаписи","",1
"01.12.2013","activity","Комментарии к обсуждениям","",2
"01.12.2013","feedback","Комментарии","",1
"21.01.2014","reach","","",7
"21.01.2014","reach_subscribers","","",7
"20.01.2014","reach","","",16
"20.01.2014","reach_subscribers","","",16
"19.01.2014","reach","","",7
"19.01.2014","reach_subscribers","","",7
"18.01.2014","reach","","",8
"18.01.2014","reach_subscribers","","",8
"17.01.2014","reach","","",16
"17.01.2014","reach_subscribers","","",16
"16.01.2014","reach","","",15
"16.01.2014","reach_subscribers","","",15
"15.01.2014","reach","","",12
"15.01.2014","reach_subscribers","","",12
"14.01.2014","reach","","",20
"14.01.2014","reach_subscribers","","",20
"13.01.2014","reach","","",17
"13.01.2014","reach_subscribers","","",17
"12.01.2014","reach","","",6
"12.01.2014","reach_subscribers","","",6
"11.01.2014","reach","","",8
"11.01.2014","reach_subscribers","","",8
"10.01.2014","reach","","",14
"10.01.2014","reach_subscribers","","",14
"09.01.2014","reach","","",8
"09.01.2014","reach_subscribers","","",8
"08.01.2014","reach","","",7
"08.01.2014","reach_subscribers","","",7
"07.01.2014","reach","","",8
"07.01.2014","reach_subscribers","","",8
"06.01.2014","reach","","",15
"06.01.2014","reach_subscribers","","",15
"05.01.2014","reach","","",8
"05.01.2014","reach_subscribers","","",8
"04.01.2014","reach","","",9
"04.01.2014","reach_subscribers","","",9
"03.01.2014","reach","","",12
"03.01.2014","reach_subscribers","","",12
"02.01.2014","reach","","",16
"02.01.2014","reach_subscribers","","",16
"01.01.2014","reach","","",10
"01.01.2014","reach_subscribers","","",10
"31.12.2013","reach","","",19
"31.12.2013","reach_subscribers","","",18
"30.12.2013","reach","","",18
"30.12.2013","reach_subscribers","","",18
"29.12.2013","reach","","",14
"29.12.2013","reach_subscribers","","",14
"28.12.2013","reach","","",14
"28.12.2013","reach_subscribers","","",14
"27.12.2013","reach","","",13
"27.12.2013","reach_subscribers","","",12
"26.12.2013","reach","","",16
"26.12.2013","reach_subscribers","","",16
"25.12.2013","reach","","",17
"25.12.2013","reach_subscribers","","",17
"24.12.2013","reach","","",20
"24.12.2013","reach_subscribers","","",20
"23.12.2013","reach","","",15
"23.12.2013","reach_subscribers","","",15
"22.12.2013","reach","","",14
"22.12.2013","reach_subscribers","","",14
"21.12.2013","reach","","",10
"21.12.2013","reach_subscribers","","",10
"20.12.2013","reach","","",12
"20.12.2013","reach_subscribers","","",12
"19.12.2013","reach","","",17
"19.12.2013","reach_subscribers","","",17
"18.12.2013","reach","","",10
"18.12.2013","reach_subscribers","","",10
"17.12.2013","reach","","",8
"17.12.2013","reach_subscribers","","",8
"16.12.2013","reach","","",10
"16.12.2013","reach_subscribers","","",10
"15.12.2013","reach","","",12
"15.12.2013","reach_subscribers","","",12
"14.12.2013","reach","","",13
"14.12.2013","reach_subscribers","","",13
"13.12.2013","reach","","",16
"13.12.2013","reach_subscribers","","",16
"12.12.2013","reach","","",21
"12.12.2013","reach_subscribers","","",21
"11.12.2013","reach","","",22
"11.12.2013","reach_subscribers","","",22
"10.12.2013","reach","","",15
"10.12.2013","reach_subscribers","","",15
"09.12.2013","reach","","",24
"09.12.2013","reach_subscribers","","",24
"08.12.2013","reach","","",15
"08.12.2013","reach_subscribers","","",15
"07.12.2013","reach","","",14
"07.12.2013","reach_subscribers","","",14
"06.12.2013","reach","","",22
"06.12.2013","reach_subscribers","","",22
"05.12.2013","reach","","",23
"05.12.2013","reach_subscribers","","",23
"04.12.2013","reach","","",25
"04.12.2013","reach_subscribers","","",25
"03.12.2013","reach","","",25
"03.12.2013","reach_subscribers","","",25
"02.12.2013","reach","","",27
"02.12.2013","reach_subscribers","","",27
"01.12.2013","reach","","",19
"01.12.2013","reach_subscribers","","",19
